City_ID,City,Country,Date,Lat,Lng,Max Temp,Humidity,Cloudiness,Wind Speed,Weather description
0,Zhigansk,RU,2022-05-28 17:06:56,66.7697,123.3711,30.16,89,7,11.1,clear sky
1,Albany,US,2022-05-28 17:06:32,42.6001,-73.9662,75.02,80,89,10.27,overcast clouds
2,Cidreira,BR,2022-05-28 17:06:57,-30.1811,-50.2056,63.95,94,98,4.41,overcast clouds
3,Chara,RU,2022-05-28 17:06:57,56.9064,118.2631,35.91,94,100,4.36,light rain
4,Los Llanos De Aridane,ES,2022-05-28 17:06:57,28.6585,-17.9182,67.75,75,100,8.01,overcast clouds
5,Hilo,US,2022-05-28 17:06:58,19.7297,-155.09,78.28,92,100,6.91,overcast clouds
6,Mosquera,CO,2022-05-28 17:06:58,4.7059,-74.2302,62.69,59,75,14.97,broken clouds
7,Vaini,TO,2022-05-28 17:06:59,-21.2,-175.2,77.16,100,75,5.75,broken clouds
8,Puerto Ayora,EC,2022-05-28 17:06:59,-0.7393,-90.3518,78.76,91,99,8.99,overcast clouds
9,Cape Town,ZA,2022-05-28 17:06:59,-33.9258,18.4232,62.89,86,50,8.01,scattered clouds
10,Hobart,AU,2022-05-28 17:07:00,-42.8794,147.3294,42.06,95,40,4.61,scattered clouds
11,Rikitea,PF,2022-05-28 17:07:00,-23.1203,-134.9692,76.24,72,2,8.41,clear sky
12,Thinadhoo,MV,2022-05-28 17:07:01,0.5333,72.9333,84.07,71,86,10.96,overcast clouds
13,Asau,RO,2022-05-28 17:07:01,46.4333,26.4,60.96,96,100,4.76,overcast clouds
14,Clyde River,CA,2022-05-28 17:03:17,70.4692,-68.5914,26.83,74,40,9.22,scattered clouds
15,Tezu,IN,2022-05-28 17:07:02,27.9167,96.1667,71.83,94,44,4.12,scattered clouds
16,Busselton,AU,2022-05-28 17:07:02,-33.65,115.3333,55.33,66,87,12.91,overcast clouds
17,Haines Junction,CA,2022-05-28 17:07:03,60.7522,-137.5108,47.62,69,78,3.42,broken clouds
18,Jamestown,US,2022-05-28 17:04:57,42.097,-79.2353,61.95,94,100,9.22,mist
19,Honiara,SB,2022-05-28 17:07:03,-9.4333,159.95,76.93,85,44,2.75,scattered clouds
20,Guangyuan,CN,2022-05-28 17:07:04,32.442,105.823,67.73,82,98,2.75,overcast clouds
21,Tuktoyaktuk,CA,2022-05-28 17:07:04,69.4541,-133.0374,30.31,73,50,1.57,scattered clouds
22,Atuona,PF,2022-05-28 17:05:01,-9.8,-139.0333,77.58,81,22,15.93,light rain
23,Ribeira Grande,PT,2022-05-28 17:07:05,38.5167,-28.7,64.8,52,20,14.97,few clouds
24,Qaanaaq,GL,2022-05-28 17:07:05,77.484,-69.3632,31.06,81,93,6.17,light snow
25,Bereda,ES,2022-05-28 17:07:05,43.2686,-7.5406,75.42,58,64,6.98,broken clouds
26,Margate,GB,2022-05-28 17:07:06,51.3813,1.3862,56.7,65,39,5.01,scattered clouds
27,Upernavik,GL,2022-05-28 17:07:06,72.7868,-56.1549,28.54,73,40,3.94,scattered clouds
28,Evensk,RU,2022-05-28 17:07:07,61.95,159.2333,39.7,96,100,2.19,light rain
29,Zimmi,SL,2022-05-28 17:07:08,7.3153,-11.3061,80.26,88,89,5.57,light rain
30,Mataura,NZ,2022-05-28 17:07:08,-46.1927,168.8643,45.48,96,38,3.04,scattered clouds
31,Otjimbingwe,NA,2022-05-28 17:07:08,-22.35,16.1333,68.41,33,0,8.52,clear sky
32,Taksony,HU,2022-05-28 17:07:09,47.3297,19.0669,68.47,28,40,13.8,scattered clouds
33,Hailar,CN,2022-05-28 17:07:09,49.2,119.7,50.63,30,99,5.3,overcast clouds
34,Avarua,CK,2022-05-28 17:05:33,-21.2078,-159.775,75.25,88,29,4.61,scattered clouds
35,Dikson,RU,2022-05-28 17:07:10,73.5069,80.5464,27.55,95,22,8.66,few clouds
36,Fortuna,US,2022-05-28 17:07:10,40.5982,-124.1573,58.66,91,40,13.8,scattered clouds
37,Russell,US,2022-05-28 17:07:11,32.3502,-85.1999,80.91,50,20,0.0,few clouds
38,Talnakh,RU,2022-05-28 17:07:11,69.4865,88.3972,32.83,87,26,7.92,scattered clouds
39,Butaritari,KI,2022-05-28 17:07:11,3.0707,172.7902,81.28,78,97,13.42,overcast clouds
40,Araouane,ML,2022-05-28 17:07:12,18.9048,-3.5265,107.62,10,10,5.93,clear sky
41,Kovur,IN,2022-05-28 17:07:12,14.4833,79.9833,90.95,47,10,10.67,clear sky
42,Shelburne,CA,2022-05-28 17:03:29,44.0787,-80.2041,66.76,61,5,8.43,clear sky
43,Barrow,US,2022-05-28 17:04:09,71.2906,-156.7887,33.82,86,100,0.0,overcast clouds
44,Ushuaia,AR,2022-05-28 17:02:52,-54.8,-68.3,36.66,82,84,12.68,broken clouds
45,Nishihara,JP,2022-05-28 17:07:13,26.1842,127.7558,77.05,100,75,12.66,mist
46,Luena,AO,2022-05-28 17:07:14,-11.7833,19.9167,62.85,34,0,3.29,clear sky
47,Hermanus,ZA,2022-05-28 17:07:14,-34.4187,19.2345,56.8,80,47,19.55,light rain
48,Arraial Do Cabo,BR,2022-05-28 17:07:15,-22.9661,-42.0278,82.26,54,0,11.5,clear sky
49,Olden,NO,2022-05-28 17:07:15,61.8364,6.8064,48.94,93,100,4.99,overcast clouds
50,Castro,BR,2022-05-28 17:07:15,-24.7911,-50.0119,72.61,48,48,9.62,scattered clouds
51,Cayenne,GF,2022-05-28 17:07:16,4.9333,-52.3333,86.04,24,40,11.5,scattered clouds
52,Longyearbyen,SJ,2022-05-28 17:07:16,78.2186,15.6401,49.84,53,40,11.5,scattered clouds
53,Hualmay,PE,2022-05-28 17:07:17,-11.0964,-77.6139,68.61,69,63,11.1,broken clouds
54,Cabo San Lucas,MX,2022-05-28 17:06:02,22.8909,-109.9124,94.3,51,0,5.75,clear sky
55,Bluff,NZ,2022-05-28 17:07:17,-46.6,168.3333,45.81,88,81,9.13,broken clouds
56,Pevek,RU,2022-05-28 17:07:13,69.7008,170.3133,28.33,77,77,4.7,broken clouds
57,Severo-Kurilsk,RU,2022-05-28 17:07:18,50.6789,156.125,44.33,96,100,3.94,overcast clouds
58,Murray Bridge,AU,2022-05-28 17:07:18,-35.1167,139.2667,50.83,88,9,3.71,clear sky
59,Baykit,RU,2022-05-28 17:07:19,61.67,96.37,49.24,55,100,2.53,overcast clouds
60,Luderitz,NA,2022-05-28 17:07:19,-26.6481,15.1594,56.77,86,3,9.06,clear sky
61,Hami,CN,2022-05-28 17:07:19,42.8,93.45,77.23,28,49,8.88,scattered clouds
62,Yugorsk,RU,2022-05-28 17:07:20,61.3133,63.3319,51.19,96,82,3.38,broken clouds
63,Namatanai,PG,2022-05-28 17:07:20,-3.6667,152.4333,78.37,79,100,1.86,overcast clouds
64,Meiktila,MM,2022-05-28 17:07:21,20.8667,95.8667,80.47,71,13,14.67,few clouds
65,Saldanha,ZA,2022-05-28 17:07:21,-33.0117,17.9442,59.0,89,23,9.91,light rain
66,Norman Wells,CA,2022-05-28 17:07:21,65.282,-126.8329,46.04,52,82,8.39,broken clouds
67,Punta Arenas,CL,2022-05-28 17:04:15,-53.15,-70.9167,42.91,61,40,18.41,scattered clouds
68,Ponta Do Sol,PT,2022-05-28 17:07:22,32.6667,-17.1,73.71,67,84,10.6,broken clouds
69,Beira,MZ,2022-05-28 17:07:22,-19.8436,34.8389,71.69,83,20,6.91,few clouds
70,Saskylakh,RU,2022-05-28 17:07:23,71.9167,114.0833,18.55,96,94,0.74,overcast clouds
71,Isiro,CD,2022-05-28 17:07:23,2.7739,27.616,69.96,82,97,2.95,overcast clouds
72,Kapaa,US,2022-05-28 17:06:28,22.0752,-159.319,75.52,87,100,11.5,overcast clouds
73,Odienne,CI,2022-05-28 17:07:24,9.51,-7.5692,90.68,38,58,4.52,broken clouds
74,Mar Del Plata,AR,2022-05-28 17:07:24,-38.0023,-57.5575,53.94,61,0,12.66,clear sky
75,Najran,SA,2022-05-28 17:07:25,17.4924,44.1277,85.42,12,13,8.57,few clouds
76,Yerbogachen,RU,2022-05-28 17:07:25,61.2767,108.0108,40.41,55,55,1.97,broken clouds
77,Husavik,IS,2022-05-28 17:07:25,66.0449,-17.3389,50.16,58,6,6.26,clear sky
78,Hobyo,SO,2022-05-28 17:07:26,5.3505,48.5268,78.8,85,17,20.0,few clouds
79,Kruisfontein,ZA,2022-05-28 17:07:26,-34.0033,24.7314,61.88,80,20,16.28,few clouds
80,Chokurdakh,RU,2022-05-28 17:07:27,70.6333,147.9167,27.55,92,78,3.69,broken clouds
81,Ahipara,NZ,2022-05-28 17:07:27,-35.1667,173.1667,60.64,75,98,16.15,overcast clouds
82,Kodiak,US,2022-05-28 17:07:28,57.79,-152.4072,65.71,34,100,12.66,overcast clouds
83,Kirakira,SB,2022-05-28 17:07:28,-10.4544,161.9205,77.61,85,80,2.15,broken clouds
84,Whitianga,NZ,2022-05-28 17:07:28,-36.8333,175.7,60.37,74,100,13.89,overcast clouds
85,Lavrentiya,RU,2022-05-28 17:07:29,65.5833,-171.0,34.21,97,100,3.15,overcast clouds
86,Marsh Harbour,BS,2022-05-28 17:04:45,26.5412,-77.0636,81.32,69,94,12.8,overcast clouds
87,Pangnirtung,CA,2022-05-28 17:07:29,66.1451,-65.7125,31.48,75,40,1.7,scattered clouds
88,Bandarbeyla,SO,2022-05-28 17:07:30,9.4942,50.8122,81.97,77,25,25.17,scattered clouds
89,Comodoro Rivadavia,AR,2022-05-28 17:07:30,-45.8667,-67.5,44.46,42,0,17.27,clear sky
90,La Vega,DO,2022-05-28 17:07:31,19.2221,-70.5296,86.85,47,6,11.86,clear sky
91,Manjacaze,MZ,2022-05-28 17:07:31,-24.7117,33.8828,70.21,69,93,5.64,overcast clouds
92,Shimoda,JP,2022-05-28 17:07:32,34.6667,138.95,67.06,66,91,3.18,overcast clouds
93,Loiza,PR,2022-05-28 17:07:32,18.4313,-65.8802,89.64,63,40,19.57,scattered clouds
94,Puerto Quijarro,BO,2022-05-28 17:07:33,-17.7833,-57.7667,95.18,25,0,8.52,clear sky
95,Qui Nhon,VN,2022-05-28 17:07:33,13.7667,109.2333,81.1,76,39,6.11,scattered clouds
96,Florida,US,2022-05-28 17:07:01,28.7505,-82.5001,89.58,54,0,6.91,clear sky
97,Wageningen,NL,2022-05-28 17:07:33,51.9667,5.6667,60.24,59,75,11.5,broken clouds
98,Ballina,AU,2022-05-28 17:07:34,-28.8667,153.5667,58.78,82,1,10.8,clear sky
99,Derzhavinsk,KZ,2022-05-28 17:07:34,51.1,66.3167,63.34,55,51,6.96,broken clouds
100,Maridi,SS,2022-05-28 17:07:35,4.9158,29.4742,68.72,94,90,2.59,light rain
101,Tura,IN,2022-05-28 17:07:35,25.5198,90.2201,73.65,81,4,4.0,clear sky
102,Vardo,NO,2022-05-28 17:03:10,70.3705,31.1107,44.58,81,13,5.75,few clouds
103,Bredasdorp,ZA,2022-05-28 17:07:36,-34.5322,20.0403,60.58,69,35,14.5,scattered clouds
104,Zanzibar,TZ,2022-05-28 17:07:36,-6.1639,39.1979,76.75,70,24,12.06,few clouds
105,Ostrovnoy,RU,2022-05-28 17:07:36,68.0531,39.5131,47.55,75,99,11.99,overcast clouds
106,Bethel,US,2022-05-28 17:07:37,41.3712,-73.414,74.52,88,100,4.61,thunderstorm with rain
107,Hithadhoo,MV,2022-05-28 17:07:37,-0.6,73.0833,84.27,70,33,10.29,scattered clouds
108,Takoradi,GH,2022-05-28 17:05:45,4.8845,-1.7554,82.38,74,53,8.14,broken clouds
109,Ketchikan,US,2022-05-28 17:07:38,55.3422,-131.6461,52.27,87,100,8.05,light rain
110,Paamiut,GL,2022-05-28 17:07:38,61.994,-49.6678,35.29,84,100,25.3,overcast clouds
111,Kapoeta,SS,2022-05-28 17:07:38,4.7717,33.5903,83.01,49,85,2.17,overcast clouds
112,Port Alfred,ZA,2022-05-28 17:07:39,-33.5906,26.891,64.18,75,3,5.01,clear sky
113,Teguise,ES,2022-05-28 17:07:39,29.0605,-13.564,70.02,64,40,9.22,scattered clouds
114,Bandiagara,ML,2022-05-28 17:07:40,14.3501,-3.6104,102.51,17,2,10.56,clear sky
115,Andenes,NO,2022-05-28 17:03:11,69.3143,16.1194,46.38,81,100,10.36,overcast clouds
116,Saint George,US,2022-05-28 17:07:40,37.1041,-113.5841,88.79,12,0,11.5,clear sky
117,Searcy,US,2022-05-28 17:03:18,35.2506,-91.7363,78.15,65,0,8.05,clear sky
118,Awbari,LY,2022-05-28 17:07:41,26.5921,12.7805,95.67,9,27,15.05,scattered clouds
119,Yenotayevka,RU,2022-05-28 17:07:41,47.2456,47.0281,75.27,44,32,10.33,scattered clouds
120,Codrington,AU,2022-05-28 17:07:42,-38.2667,141.9667,51.71,79,98,4.74,overcast clouds
121,Nanzhou,CN,2022-05-28 17:07:42,29.3596,112.4024,68.45,97,69,6.24,broken clouds
122,Port Elizabeth,ZA,2022-05-28 17:05:12,-33.918,25.5701,64.09,85,40,23.02,scattered clouds
123,Bow Island,CA,2022-05-28 17:07:43,49.8668,-111.3684,60.48,41,90,10.4,overcast clouds
124,Pemberton,CA,2022-05-28 17:07:43,50.3164,-122.8027,51.98,66,99,1.59,overcast clouds
125,Banjarmasin,ID,2022-05-28 17:05:47,-3.3244,114.591,77.14,93,98,3.56,overcast clouds
126,Dunedin,NZ,2022-05-28 17:03:29,-45.8742,170.5036,45.81,72,37,3.67,scattered clouds
127,Tasiilaq,GL,2022-05-28 17:03:12,65.6145,-37.6368,41.16,93,100,33.15,moderate rain
128,Nome,US,2022-05-28 17:07:44,64.5011,-165.4064,33.87,93,100,3.44,overcast clouds
129,Yairipok,IN,2022-05-28 17:07:44,24.6667,94.0667,66.7,87,0,1.19,clear sky
130,Provideniya,RU,2022-05-28 17:07:45,64.3833,-173.3,41.77,78,13,6.06,few clouds
131,Oksbol,DK,2022-05-28 17:07:45,55.6268,8.2876,53.91,82,99,23.55,overcast clouds
132,Thompson,CA,2022-05-28 17:07:46,55.7435,-97.8558,57.6,32,59,7.45,broken clouds
133,Ancud,CL,2022-05-28 17:03:33,-41.8697,-73.8203,48.13,60,86,7.61,overcast clouds
134,Sitka,US,2022-05-28 17:07:46,57.0531,-135.33,51.69,82,100,3.44,mist
135,Baghdad,IQ,2022-05-28 17:07:46,33.3406,44.4009,93.11,12,0,5.75,clear sky
136,Nemuro,JP,2022-05-28 17:07:47,43.3236,145.575,46.76,89,97,21.54,overcast clouds
137,Shchelkun,RU,2022-05-28 17:07:47,56.3034,60.9483,56.77,84,61,7.29,broken clouds
138,High Level,CA,2022-05-28 17:07:48,58.5169,-117.136,58.23,45,100,10.65,overcast clouds
139,Kaitangata,NZ,2022-05-28 17:07:48,-46.2817,169.8464,42.15,90,32,4.0,scattered clouds
140,Dicabisagan,PH,2022-05-28 17:07:49,17.0818,122.4157,79.5,88,16,6.89,few clouds
141,Wanning,CN,2022-05-28 17:07:49,18.8003,110.3967,79.79,92,22,7.76,few clouds
142,Sao Joao Da Barra,BR,2022-05-28 17:07:50,-21.6403,-41.0511,82.49,68,100,11.74,overcast clouds
143,Naze,JP,2022-05-28 17:07:50,28.3667,129.4833,67.12,92,100,13.24,overcast clouds
144,Isangel,VU,2022-05-28 17:07:51,-19.55,169.2667,75.33,84,17,5.35,few clouds
145,Cambridge,CA,2022-05-28 17:07:51,43.3601,-80.3127,70.23,60,9,1.01,clear sky
146,Ikwiriri,TZ,2022-05-28 17:07:51,-7.9562,38.9716,70.68,80,29,4.03,scattered clouds
147,Carnarvon,AU,2022-05-28 17:07:52,-24.8667,113.6333,68.18,75,100,13.42,overcast clouds
148,Bambous Virieux,MU,2022-05-28 17:07:52,-20.3428,57.7575,75.45,73,40,13.8,scattered clouds
149,Humaita,BR,2022-05-28 17:07:53,-7.5061,-63.0208,93.02,42,100,4.65,overcast clouds
150,Sibolga,ID,2022-05-28 17:07:53,1.7427,98.7792,75.9,86,68,3.69,broken clouds
151,Polistena,IT,2022-05-28 17:07:53,38.406,16.08,68.5,79,4,3.04,clear sky
152,Leh,IN,2022-05-28 17:07:54,34.1667,77.5833,55.31,39,78,5.64,broken clouds
153,Buala,SB,2022-05-28 17:07:54,-8.145,159.5921,79.25,82,92,4.25,light rain
154,Yellowknife,CA,2022-05-28 17:03:50,62.456,-114.3525,57.56,50,11,13.0,few clouds
155,Awjilah,LY,2022-05-28 17:07:55,29.1081,21.2869,99.9,8,0,7.7,clear sky
156,Dandong,CN,2022-05-28 17:07:55,40.1292,124.3947,58.46,90,10,8.57,clear sky
157,Khani,GE,2022-05-28 17:07:56,41.9563,42.9566,60.37,91,71,2.53,broken clouds
158,Disraeli,CA,2022-05-28 17:07:56,45.9001,-71.3491,59.22,89,99,1.01,overcast clouds
159,Aklavik,CA,2022-05-28 17:07:56,68.2191,-135.0107,33.8,75,75,4.61,broken clouds
160,Vostok,RU,2022-05-28 17:07:57,46.4856,135.8833,47.39,94,10,3.8,clear sky
161,Waipawa,NZ,2022-05-28 17:07:57,-41.4122,175.5153,42.8,89,5,4.52,clear sky
162,Ambon,ID,2022-05-28 17:07:58,-3.6954,128.1814,75.34,94,40,4.61,scattered clouds
163,Bengkulu,ID,2022-05-28 17:07:58,-3.8004,102.2655,75.45,89,85,6.64,overcast clouds
164,Zhezkazgan,KZ,2022-05-28 17:07:59,47.8043,67.7144,62.51,45,100,13.58,overcast clouds
165,Airai,TL,2022-05-28 17:07:59,-8.9266,125.4092,58.82,89,43,1.12,scattered clouds
166,Superior,US,2022-05-28 17:07:59,46.7208,-92.1041,58.48,95,100,18.41,mist
167,Tautira,PF,2022-05-28 17:08:00,-17.7333,-149.15,79.84,76,20,15.95,few clouds
168,Brae,GB,2022-05-28 17:08:00,60.3964,-1.353,45.54,73,100,22.37,overcast clouds
169,Prince Rupert,CA,2022-05-28 17:08:01,54.3161,-130.3201,51.3,82,100,1.28,light rain
170,Chapais,CA,2022-05-28 17:08:01,49.7834,-74.8492,62.55,44,79,14.34,broken clouds
171,Caucaia,BR,2022-05-28 17:08:02,-3.7361,-38.6531,83.03,69,75,10.36,broken clouds
172,Torbay,CA,2022-05-28 17:05:35,47.6666,-52.7314,42.53,78,100,18.41,light rain
173,Tiksi,RU,2022-05-28 17:08:02,71.6872,128.8694,28.33,93,100,2.37,overcast clouds
174,Dombarovskiy,RU,2022-05-28 17:08:03,50.7587,59.5386,59.4,66,51,4.59,broken clouds
175,Totness,SR,2022-05-28 17:08:03,5.8833,-56.3167,83.52,69,87,10.63,overcast clouds
176,Visnes,NO,2022-05-28 17:08:04,59.3556,5.2242,54.82,76,20,35.68,few clouds
177,Mulege,MX,2022-05-28 17:08:04,26.8833,-111.9833,92.95,19,3,4.76,clear sky
178,Akcakoca,TR,2022-05-28 17:08:04,41.0866,31.1162,68.09,71,2,5.23,clear sky
179,Roald,NO,2022-05-28 17:08:05,62.5833,6.1333,49.75,93,75,9.22,light intensity drizzle
180,Yaan,NG,2022-05-28 17:08:05,7.3833,8.5667,85.51,58,49,10.45,scattered clouds
181,Trofors,NO,2022-05-28 17:08:06,65.5333,13.4063,45.93,86,100,2.95,overcast clouds
182,Banda Aceh,ID,2022-05-28 17:08:06,5.5577,95.3222,80.24,81,98,14.29,light rain
183,Boyuibe,BO,2022-05-28 17:08:07,-20.4167,-63.2833,64.4,82,100,5.64,overcast clouds
184,Oistins,BB,2022-05-28 17:08:07,13.0667,-59.5333,86.09,70,20,17.27,few clouds
185,Santa Isabel,BR,2022-05-28 17:08:08,-23.3156,-46.2214,78.1,38,92,3.8,overcast clouds
186,Saint-Pierre,RE,2022-05-28 17:08:08,-21.3393,55.4781,73.08,64,75,12.66,broken clouds
187,Cochrane,CA,2022-05-28 17:08:09,51.1834,-114.4687,62.91,31,13,4.68,few clouds
188,Owerri,NG,2022-05-28 17:08:09,5.4833,7.0304,80.98,73,88,3.56,overcast clouds
189,Hofn,IS,2022-05-28 17:08:09,64.2539,-15.2082,48.78,75,42,9.91,scattered clouds
190,Cabinda,AO,2022-05-28 17:08:10,-5.55,12.2,74.98,78,9,8.66,clear sky
191,Tiznit,MA,2022-05-28 17:08:10,29.5833,-9.5,74.52,53,17,6.67,few clouds
192,Khatanga,RU,2022-05-28 17:08:11,71.9667,102.5,31.06,95,100,10.92,overcast clouds
193,Buta,CD,2022-05-28 17:08:11,2.7858,24.73,69.33,96,100,3.76,overcast clouds
194,Nanortalik,GL,2022-05-28 17:08:12,60.1432,-45.2371,41.4,78,98,9.17,overcast clouds
195,Esil,KZ,2022-05-28 17:08:12,51.9556,66.4042,61.63,62,78,6.02,broken clouds
196,Hasaki,JP,2022-05-28 17:08:13,35.7333,140.8333,63.0,81,93,7.09,overcast clouds
197,Port-Gentil,GA,2022-05-28 17:08:13,-0.7193,8.7815,78.76,78,20,13.8,few clouds
198,Lebu,CL,2022-05-28 17:08:13,-37.6167,-73.65,48.45,61,1,16.84,clear sky
199,Mayo,US,2022-05-28 17:08:14,38.8876,-76.5119,78.37,61,75,11.01,broken clouds
200,Uvat,RU,2022-05-28 17:08:14,59.1433,68.8953,54.28,89,87,5.14,light rain
201,Linares,CL,2022-05-28 17:08:15,-35.85,-71.6,48.52,62,87,6.24,overcast clouds
202,Semnan,IR,2022-05-28 17:08:15,35.5729,53.3971,76.24,14,3,8.66,clear sky
203,Atasu,KZ,2022-05-28 17:08:16,48.6814,71.6433,53.47,81,100,6.24,overcast clouds
204,Faanui,PF,2022-05-28 17:08:16,-16.4833,-151.75,81.01,68,19,16.11,few clouds
205,Sikasso,ML,2022-05-28 17:08:17,10.9167,-7.0,95.76,31,24,5.91,few clouds
206,Launceston,AU,2022-05-28 17:08:17,-41.45,147.1667,43.16,97,100,6.91,overcast clouds
207,Kothi,IN,2022-05-28 17:08:18,24.75,80.7833,97.12,23,45,7.36,scattered clouds
208,Wagar,SD,2022-05-28 17:08:18,16.1525,36.2032,99.64,8,2,8.86,clear sky
209,Canavieiras,BR,2022-05-28 17:07:44,-15.675,-38.9472,80.71,63,23,7.78,few clouds
210,Matara,LK,2022-05-28 17:08:19,5.9485,80.5353,77.36,92,99,8.68,overcast clouds
211,Laguna,US,2022-05-28 17:08:19,38.421,-121.4238,69.44,61,75,9.22,broken clouds
212,Rio Gallegos,AR,2022-05-28 17:08:20,-51.6226,-69.2181,42.85,56,20,32.21,few clouds
213,Mitchell,US,2022-05-28 17:08:20,43.7094,-98.0298,82.38,40,0,12.66,clear sky
214,Calvinia,ZA,2022-05-28 17:08:20,-31.4707,19.776,49.48,81,0,6.8,clear sky
215,Cervo,ES,2022-05-28 17:08:21,43.6702,-7.4101,62.71,85,95,15.08,overcast clouds
216,Half Moon Bay,US,2022-05-28 17:08:21,37.4636,-122.4286,72.59,73,75,10.36,mist
217,Saint-Augustin,CA,2022-05-28 17:08:22,51.226,-58.6502,47.89,67,100,20.09,overcast clouds
218,Myrtle Beach,US,2022-05-28 17:08:22,33.6891,-78.8867,89.98,74,40,11.5,scattered clouds
219,Souillac,MU,2022-05-28 17:08:22,-20.5167,57.5167,75.58,73,40,13.8,light rain
220,Nangong,CN,2022-05-28 17:08:23,37.3581,115.3744,82.02,39,75,22.82,broken clouds
221,Manzhouli,CN,2022-05-28 17:08:23,49.6,117.4333,50.32,29,99,5.91,overcast clouds
222,Mahebourg,MU,2022-05-28 17:08:24,-20.4081,57.7,75.49,73,40,13.8,scattered clouds
223,East London,ZA,2022-05-28 17:08:24,-33.0153,27.9116,72.07,48,0,7.85,clear sky
224,Balkhash,KZ,2022-05-28 17:08:25,46.844,74.9804,62.2,68,89,23.09,overcast clouds
225,Amazar,RU,2022-05-28 17:08:25,53.858,120.875,38.17,97,93,2.26,overcast clouds
226,Ilulissat,GL,2022-05-28 17:04:54,69.2167,-51.1,35.62,80,75,11.5,broken clouds
227,Lompoc,US,2022-05-28 17:06:07,34.6391,-120.4579,69.57,86,100,12.66,overcast clouds
228,Meulaboh,ID,2022-05-28 17:08:26,4.1363,96.1285,76.98,85,89,4.23,overcast clouds
229,Iqaluit,CA,2022-05-28 17:08:26,63.7506,-68.5145,29.7,86,13,17.0,few clouds
230,Puri,IN,2022-05-28 17:08:26,19.8,85.85,90.12,85,35,11.9,scattered clouds
231,Tavira,PT,2022-05-28 17:08:27,37.1273,-7.6486,75.27,66,24,10.0,few clouds
232,Ucluelet,CA,2022-05-28 17:08:27,48.9329,-125.5528,53.1,88,100,2.91,overcast clouds
233,Pangai,TO,2022-05-28 17:08:28,-19.8,-174.35,79.39,83,92,17.74,light rain
234,Homer,US,2022-05-28 17:08:28,59.6425,-151.5483,65.05,53,0,4.61,clear sky
235,Turkistan,KZ,2022-05-28 17:08:29,43.0,68.0,67.78,38,98,4.56,overcast clouds
236,Plettenberg Bay,ZA,2022-05-28 17:08:29,-34.0527,23.3716,60.6,82,25,5.32,scattered clouds
237,Omboue,GA,2022-05-28 17:08:29,-1.5746,9.2618,75.45,84,48,8.16,scattered clouds
238,Rocha,UY,2022-05-28 17:08:30,-34.4833,-54.3333,58.37,63,53,3.18,broken clouds
239,Vicuna,CL,2022-05-28 17:08:30,-30.0319,-70.7081,70.77,37,100,6.31,overcast clouds
240,Eyl,SO,2022-05-28 17:08:31,7.9803,49.8164,81.66,75,60,23.8,broken clouds
241,Jackson,US,2022-05-28 17:08:31,42.4165,-122.8345,60.4,76,100,3.44,overcast clouds
242,Kununurra,AU,2022-05-28 17:05:22,-15.7667,128.7333,60.78,82,9,0.0,clear sky
243,Berlevag,NO,2022-05-28 17:08:32,70.8578,29.0864,49.8,76,37,20.71,scattered clouds
244,Nikolskoye,RU,2022-05-28 17:08:32,59.7035,30.7861,56.88,87,72,2.51,broken clouds
245,San Fernando,PH,2022-05-28 17:04:49,15.0286,120.6898,80.33,82,69,4.7,broken clouds
246,Obo,CF,2022-05-28 17:08:32,5.3998,26.4869,71.87,82,53,5.66,broken clouds
247,Trelew,AR,2022-05-28 17:08:33,-43.249,-65.3051,46.38,41,51,22.17,broken clouds
248,Avera,US,2022-05-28 17:08:33,33.194,-82.5271,81.55,40,0,7.14,clear sky
249,Makakilo City,US,2022-05-28 17:08:34,21.3469,-158.0858,75.52,81,40,8.05,scattered clouds
250,Moussoro,TD,2022-05-28 17:08:34,13.6408,16.4901,99.64,4,2,9.4,clear sky
251,Bowen,AU,2022-05-28 17:08:35,-20.0167,148.2333,65.34,71,2,5.1,clear sky
252,Namibe,AO,2022-05-28 17:08:35,-15.1961,12.1522,65.77,82,24,7.94,few clouds
253,Port Hardy,CA,2022-05-28 17:08:35,50.6996,-127.4199,51.08,76,81,1.9,broken clouds
254,Harper,LR,2022-05-28 17:08:36,4.375,-7.7169,82.8,72,46,8.59,scattered clouds
255,Henderson,US,2022-05-28 17:08:36,36.0397,-114.9819,89.04,17,0,25.32,clear sky
256,Acajutla,SV,2022-05-28 17:08:36,13.5928,-89.8275,86.4,59,30,7.47,scattered clouds
257,Port Hedland,AU,2022-05-28 17:08:37,-20.3167,118.5667,75.25,94,100,4.61,overcast clouds
258,Madarounfa,NE,2022-05-28 17:08:37,13.3087,7.156,103.59,14,6,5.32,clear sky
259,Movileni,RO,2022-05-28 17:08:38,44.3667,24.65,65.46,85,80,19.42,moderate rain
260,Komsomolskiy,UZ,2022-05-28 17:08:38,40.4272,71.7189,63.32,48,40,9.22,light rain
261,Ilesha,NG,2022-05-28 17:08:38,7.1371,5.2583,79.34,80,79,5.53,light rain
262,Sumbe,AO,2022-05-28 17:08:39,-11.2061,13.8437,72.82,84,11,8.7,few clouds
263,Tuatapere,NZ,2022-05-28 17:08:39,-46.1333,167.6833,45.43,91,93,4.34,overcast clouds
264,Geraldton,AU,2022-05-28 17:08:40,-28.7667,114.6,61.21,88,75,9.22,broken clouds
265,Burla,IN,2022-05-28 17:08:40,21.5,83.8667,87.4,37,85,4.25,overcast clouds
266,Coihaique,CL,2022-05-28 17:08:40,-45.5752,-72.0662,42.75,56,20,3.44,few clouds
267,Chuy,UY,2022-05-28 17:08:41,-33.6971,-53.4616,59.79,62,9,5.5,clear sky
268,Saint-Philippe,RE,2022-05-28 17:08:41,-21.3585,55.7679,72.99,69,82,13.06,broken clouds
269,Vila Franca Do Campo,PT,2022-05-28 17:08:42,37.7167,-25.4333,65.19,90,100,11.23,overcast clouds
270,Pangoa,PE,2022-05-28 17:08:42,-12.1167,-73.0,82.62,55,79,3.89,broken clouds
271,Portland,US,2022-05-28 17:07:02,45.5234,-122.6762,57.09,85,100,7.0,overcast clouds
272,Narsaq,GL,2022-05-28 17:08:43,60.9167,-46.05,61.02,42,19,10.07,few clouds
273,Tambopata,PE,2022-05-28 17:08:43,-12.7333,-69.1833,85.89,62,40,5.75,scattered clouds
274,Westport,US,2022-05-28 17:06:16,41.1415,-73.3579,76.44,86,100,9.22,haze
275,Aswan,EG,2022-05-28 17:08:44,24.0934,32.907,94.75,11,0,6.98,clear sky
276,Mangrol,IN,2022-05-28 17:08:44,21.1167,70.1167,81.72,81,10,14.0,clear sky
277,Olga,RU,2022-05-28 17:08:44,43.7444,135.2892,48.25,98,56,5.93,broken clouds
278,Atar,MR,2022-05-28 17:08:45,20.5169,-13.0499,99.55,22,67,11.25,broken clouds
279,Ust-Ishim,RU,2022-05-28 17:08:45,57.6935,71.1665,56.88,69,29,3.8,scattered clouds
280,Kattivakkam,IN,2022-05-28 17:08:46,13.2167,80.3167,89.69,81,7,12.26,clear sky
281,Lagdo,CM,2022-05-28 17:08:46,9.05,13.7333,97.25,22,8,3.65,clear sky
282,Burnie,AU,2022-05-28 17:08:46,-41.0667,145.9167,48.78,88,52,4.52,light rain
283,Ternate,ID,2022-05-28 17:08:47,0.8,127.4,77.61,87,100,5.32,light rain
284,Port Lincoln,AU,2022-05-28 17:08:47,-34.7333,135.8667,53.67,75,95,5.97,overcast clouds
285,Shingu,JP,2022-05-28 17:08:47,33.7333,135.9833,63.64,63,99,6.38,overcast clouds
286,Fairlie,GB,2022-05-28 17:08:48,55.756,-4.8556,61.48,74,57,6.33,broken clouds
287,Preston,GB,2022-05-28 17:08:48,53.7667,-2.7167,62.92,60,69,1.01,broken clouds
288,Sambava,MG,2022-05-28 17:08:49,-14.2667,50.1667,73.94,83,14,12.39,light rain
289,Algiers,DZ,2022-05-28 17:08:49,36.7525,3.042,82.22,34,20,5.75,few clouds
290,Kysyl-Syr,RU,2022-05-28 17:08:49,63.8986,122.7617,40.21,66,100,7.34,overcast clouds
291,Valparaiso,CL,2022-05-28 17:04:22,-33.0393,-71.6273,55.63,73,0,9.22,clear sky
292,Kavaratti,IN,2022-05-28 17:08:50,10.5669,72.642,82.92,75,13,5.95,few clouds
293,San Patricio,US,2022-05-28 17:08:50,28.017,-97.5169,90.32,40,10,12.41,clear sky
294,Udachnyy,RU,2022-05-28 17:08:51,66.4167,112.4,46.45,39,74,8.25,broken clouds
295,Esperance,AU,2022-05-28 17:08:51,-33.8667,121.9,56.03,66,69,29.97,broken clouds
296,Jalalpur Pirwala,PK,2022-05-28 17:08:51,29.5069,71.2192,102.58,5,0,13.47,clear sky
297,Kurumkan,RU,2022-05-28 17:08:52,54.3,110.3,39.74,73,99,2.57,overcast clouds
298,Nantucket,US,2022-05-28 17:04:27,41.2835,-70.0995,64.51,94,100,10.36,mist
299,Kanniyakumari,IN,2022-05-28 17:08:53,8.0833,77.5667,80.6,83,75,17.27,broken clouds
300,Klaksvik,FO,2022-05-28 17:08:53,62.2266,-6.589,47.32,76,5,22.21,clear sky
301,Bilibino,RU,2022-05-28 17:08:53,68.0546,166.4372,36.91,64,91,2.15,overcast clouds
302,New Norfolk,AU,2022-05-28 17:08:54,-42.7826,147.0587,42.71,88,41,1.07,scattered clouds
303,Hudson Bay,CA,2022-05-28 17:08:54,52.85,-102.3842,49.08,85,100,8.75,overcast clouds
304,Pisco,PE,2022-05-28 17:08:55,-13.7,-76.2167,65.01,77,20,10.36,mist
305,Yulara,AU,2022-05-28 17:08:55,-25.2406,130.9889,64.69,56,100,11.97,overcast clouds
306,Pierre,US,2022-05-28 17:05:41,44.3683,-100.351,81.52,46,0,12.66,clear sky
307,Mardan,PK,2022-05-28 17:08:55,34.2019,72.0525,87.82,19,46,5.48,scattered clouds
308,Luwuk,ID,2022-05-28 17:08:56,-0.9516,122.7875,76.39,85,58,3.11,broken clouds
309,Nanning,CN,2022-05-28 17:06:21,22.8167,108.3167,77.41,86,99,8.28,overcast clouds
310,Farafangana,MG,2022-05-28 17:08:56,-22.8167,47.8333,69.69,70,49,6.67,scattered clouds
311,Charters Towers,AU,2022-05-28 17:08:57,-20.1,146.2667,60.39,54,4,7.23,clear sky
312,Hamilton,US,2022-05-28 17:08:23,39.1834,-84.5333,70.21,79,100,5.75,overcast clouds
313,Roebourne,AU,2022-05-28 17:08:57,-20.7833,117.1333,72.61,75,100,7.83,light rain
314,Carutapera,BR,2022-05-28 17:08:58,-1.195,-46.02,81.52,82,62,3.67,broken clouds
315,Yar-Sale,RU,2022-05-28 17:08:58,66.8333,70.8333,48.43,48,11,18.54,few clouds
316,Dover,US,2022-05-28 17:06:57,39.1582,-75.5244,77.22,63,20,13.8,few clouds
317,Altay,CN,2022-05-28 17:05:09,47.8667,88.1167,68.83,30,48,5.91,scattered clouds
318,Bathsheba,BB,2022-05-28 17:08:59,13.2167,-59.5167,86.61,70,20,17.27,few clouds
319,Tual,ID,2022-05-28 17:08:59,-5.6667,132.75,82.6,76,20,10.8,few clouds
320,Puerto Carreno,CO,2022-05-28 17:09:00,6.189,-67.4859,88.52,56,65,4.03,broken clouds
321,Georgetown,MY,2022-05-28 17:07:09,5.4112,100.3354,82.33,83,20,0.0,few clouds
322,Coquimbo,CL,2022-05-28 17:09:00,-29.9533,-71.3436,56.93,71,75,2.3,broken clouds
323,Juneau,US,2022-05-28 17:09:01,58.3019,-134.4197,61.11,78,75,3.44,broken clouds
324,Henties Bay,NA,2022-05-28 17:09:01,-22.116,14.2845,57.49,91,41,11.52,scattered clouds
325,Valkeala,FI,2022-05-28 17:09:02,60.9401,26.7979,55.8,62,75,8.05,broken clouds
326,Port Keats,AU,2022-05-28 17:09:02,-14.25,129.55,71.06,56,67,4.0,broken clouds
327,Jalu,LY,2022-05-28 17:09:03,29.0331,21.5482,99.25,8,0,7.56,clear sky
328,Santa Maria,BR,2022-05-28 17:04:14,-29.6842,-53.8069,65.66,95,100,1.28,overcast clouds
329,Maarianhamina,AX,2022-05-28 17:09:03,60.0973,19.9348,48.06,87,100,5.75,light rain
330,Alofi,NU,2022-05-28 17:09:04,-19.0595,-169.9187,79.61,78,98,19.6,overcast clouds
331,Salalah,OM,2022-05-28 17:09:04,17.0151,54.0924,84.29,79,0,8.05,clear sky
332,Tianpeng,CN,2022-05-28 17:09:05,30.9866,103.9393,73.72,75,99,4.52,overcast clouds
333,Alsonemedi,HU,2022-05-28 17:09:05,47.3152,19.1584,68.5,28,40,13.8,scattered clouds
334,Pontianak,ID,2022-05-28 17:09:05,-0.0333,109.3333,76.98,94,40,0.0,scattered clouds
335,Broome,US,2022-05-28 17:09:06,42.2506,-75.833,67.98,85,100,5.99,overcast clouds
336,Kieta,PG,2022-05-28 17:09:06,-6.2167,155.6333,79.68,84,69,2.68,light rain
337,Antofagasta,CL,2022-05-28 17:09:07,-23.65,-70.4,61.88,67,29,7.23,scattered clouds
338,Ahuimanu,US,2022-05-28 17:09:07,21.4447,-157.8378,76.71,83,100,6.91,moderate rain
339,Slave Lake,CA,2022-05-28 17:09:08,55.2834,-114.769,53.85,56,15,13.15,few clouds
340,Honningsvag,NO,2022-05-28 17:09:08,70.9821,25.9704,49.75,71,48,16.11,scattered clouds
341,Kocevje,SI,2022-05-28 17:09:09,45.6433,14.8633,54.57,98,100,5.79,light rain
342,Kasangulu,CD,2022-05-28 17:09:09,-4.5911,15.1708,76.53,77,63,4.07,broken clouds
343,Berdigestyakh,RU,2022-05-28 17:09:09,62.0989,126.6992,45.81,88,100,11.39,light rain
344,Pachino,IT,2022-05-28 17:09:10,36.7186,15.0907,69.12,73,5,16.89,clear sky
345,Vao,NC,2022-05-28 17:09:11,-22.6667,167.4833,74.57,81,2,11.88,clear sky
346,Nexo,DK,2022-05-28 17:09:11,55.0607,15.1306,51.89,76,100,13.51,light rain
347,Shellbrook,CA,2022-05-28 17:09:12,53.2168,-106.4011,59.23,80,100,11.65,overcast clouds
348,Okha,RU,2022-05-28 17:09:12,53.5739,142.9478,34.12,99,100,10.98,overcast clouds
349,Cherskiy,RU,2022-05-28 17:09:12,68.75,161.3,36.05,57,5,4.18,clear sky
350,Turukhansk,RU,2022-05-28 17:09:13,65.8167,87.9833,48.85,62,27,9.73,scattered clouds
351,Vestmannaeyjar,IS,2022-05-28 17:09:13,63.4427,-20.2734,52.79,76,0,16.11,clear sky
352,Salumbar,IN,2022-05-28 17:09:14,24.1333,74.05,92.08,40,0,16.58,clear sky
353,Mercedes,AR,2022-05-28 17:09:14,-34.6515,-59.4307,57.04,62,96,4.59,overcast clouds
354,Sugar Hill,US,2022-05-28 17:09:15,34.1065,-84.0335,80.17,56,0,4.61,clear sky
355,Touba,CI,2022-05-28 17:09:15,8.2833,-7.6833,90.95,41,38,5.1,scattered clouds
356,Felanitx,ES,2022-05-28 17:09:15,39.4696,3.1483,79.14,46,0,11.3,clear sky
357,Uyuni,BO,2022-05-28 17:09:16,-20.4597,-66.825,49.24,18,0,22.55,clear sky
358,Merauke,ID,2022-05-28 17:09:16,-8.4667,140.3333,76.15,85,8,10.87,clear sky
359,Haicheng,CN,2022-05-28 17:09:17,40.8516,122.7475,65.7,56,30,15.7,scattered clouds
360,Faya,SA,2022-05-28 17:09:17,18.3851,42.4509,72.12,44,17,6.55,few clouds
361,Gurupa,BR,2022-05-28 17:09:17,-1.405,-51.64,84.81,69,28,4.18,scattered clouds
362,Svetlyy,RU,2022-05-28 17:09:18,54.675,20.1347,53.65,82,41,12.01,scattered clouds
363,Mount Gambier,AU,2022-05-28 17:09:18,-37.8333,140.7667,44.51,100,75,2.3,broken clouds
364,Amapa,BR,2022-05-28 17:09:19,1.0,-52.0,83.88,72,53,5.19,broken clouds
365,Imeni Babushkina,RU,2022-05-28 17:09:19,59.7573,43.1285,47.39,97,100,4.81,overcast clouds
366,Oranjemund,NA,2022-05-28 17:09:20,-28.55,16.4333,56.25,92,27,2.37,scattered clouds
367,Umtata,ZA,2022-05-28 17:09:20,-31.5889,28.7844,65.55,42,1,9.69,clear sky
368,Mahanoro,MG,2022-05-28 17:09:20,-19.9,48.8,69.84,86,65,7.7,moderate rain
369,Youhao,CN,2022-05-28 17:05:18,47.8667,128.8333,52.16,53,99,2.04,overcast clouds
370,Saurimo,AO,2022-05-28 17:09:21,-9.6608,20.3916,69.64,35,0,2.98,clear sky
371,Vilyuysk,RU,2022-05-28 17:09:21,63.7553,121.6247,41.86,59,100,7.34,overcast clouds
372,Kenora,CA,2022-05-28 17:09:22,49.8167,-94.4337,64.78,52,92,5.01,overcast clouds
373,Victoria,HK,2022-05-28 17:05:01,22.2855,114.1577,84.33,87,96,11.01,overcast clouds
374,Ayame,CI,2022-05-28 17:09:22,5.6083,-3.1563,81.91,77,61,5.61,light rain
375,Kataysk,RU,2022-05-28 17:09:23,56.289,62.5841,53.2,86,43,9.91,scattered clouds
376,Sioux Lookout,CA,2022-05-28 17:09:23,50.1001,-91.917,65.89,57,95,7.54,overcast clouds
377,Pochutla,MX,2022-05-28 17:09:24,15.7432,-96.4661,80.82,69,100,7.36,overcast clouds
378,Fare,PF,2022-05-28 17:09:24,-16.7,-151.0167,80.89,69,1,15.88,clear sky
379,Anadyr,RU,2022-05-28 17:09:25,64.75,177.4833,41.49,80,100,8.03,overcast clouds
380,Pontes E Lacerda,BR,2022-05-28 17:06:56,-15.2261,-59.3353,92.7,31,1,7.31,clear sky
381,Finschhafen,PG,2022-05-28 17:09:25,-6.6024,147.8681,78.67,83,51,5.61,broken clouds
382,Japura,ID,2022-05-28 17:09:26,-0.3167,102.35,74.71,93,99,1.5,overcast clouds
383,Lerwick,GB,2022-05-28 17:09:26,60.1545,-1.1494,46.4,74,99,22.37,overcast clouds
384,Kemijarvi,FI,2022-05-28 17:09:26,66.7131,27.4306,52.25,84,93,11.5,overcast clouds
385,Xuanhua,CN,2022-05-28 17:09:27,40.6103,115.0447,77.16,24,78,7.14,broken clouds
386,Thunder Bay,CA,2022-05-28 17:08:18,48.4001,-89.3168,47.41,99,100,4.36,overcast clouds
387,Banyo,CM,2022-05-28 17:09:27,6.75,11.8167,70.72,83,31,4.68,light rain
388,Dawei,MM,2022-05-28 17:09:28,14.0833,98.2,76.08,91,91,2.44,light rain
389,Anloga,GH,2022-05-28 17:09:28,5.7947,0.8973,83.07,74,43,11.21,scattered clouds
390,Catuday,PH,2022-05-28 17:09:29,16.2923,119.8062,79.7,82,90,14.76,overcast clouds
391,Bilma,NE,2022-05-28 17:09:29,18.6853,12.9164,101.86,6,1,6.98,clear sky
392,Yatou,CN,2022-05-28 17:09:30,37.15,122.3833,63.55,95,33,17.31,scattered clouds
393,Sesheke,ZM,2022-05-28 17:09:30,-17.4759,24.2968,66.43,33,0,4.21,clear sky
394,Deputatskiy,RU,2022-05-28 17:09:31,69.3,139.9,18.95,92,29,1.57,scattered clouds
395,Lagoa,PT,2022-05-28 17:09:31,39.05,-27.9833,59.56,61,100,16.13,overcast clouds
396,Civitavecchia,IT,2022-05-28 17:09:32,42.0933,11.7967,76.82,73,83,10.13,broken clouds
397,Tocopilla,CL,2022-05-28 17:09:32,-22.092,-70.1979,66.22,68,3,6.89,clear sky
398,Biltine,TD,2022-05-28 17:09:33,14.5333,20.9167,94.08,4,1,10.65,clear sky
399,Sao Filipe,CV,2022-05-28 17:09:33,14.8961,-24.4956,73.69,83,28,6.87,scattered clouds
400,Dasoguz,TM,2022-05-28 17:09:34,41.8363,59.9666,77.02,20,1,7.38,clear sky
401,Viedma,AR,2022-05-28 17:08:01,-40.8135,-62.9967,50.94,35,0,17.02,clear sky
402,Nouakchott,MR,2022-05-28 17:09:34,18.0858,-15.9785,84.13,69,57,16.26,broken clouds
403,Poum,NC,2022-05-28 17:09:35,-20.2333,164.0167,76.73,69,41,8.41,scattered clouds
404,Lev Tolstoy,RU,2022-05-28 17:09:35,53.2134,39.446,52.21,72,9,12.19,clear sky
405,Vila Velha,BR,2022-05-28 17:09:35,-20.3297,-40.2925,82.35,70,20,11.5,few clouds
406,Natal,BR,2022-05-28 17:09:36,-5.795,-35.2094,81.25,83,75,4.61,broken clouds
407,Kahului,US,2022-05-28 17:09:36,20.8947,-156.47,73.42,85,40,13.8,scattered clouds
408,Sisimiut,GL,2022-05-28 17:09:37,66.9395,-53.6735,38.07,66,44,9.71,scattered clouds
409,Tororo,UG,2022-05-28 17:09:37,0.693,34.1809,66.4,89,96,0.09,light rain
410,Glogow,PL,2022-05-28 17:09:37,51.6636,16.0845,58.05,57,86,14.79,overcast clouds
411,Boguchany,RU,2022-05-28 17:09:38,58.3814,97.4531,45.5,49,34,3.04,scattered clouds
412,Ozinki,RU,2022-05-28 17:09:38,51.1786,49.6769,63.63,67,71,13.11,broken clouds
413,Riyadh,SA,2022-05-28 17:06:05,24.6877,46.7219,96.94,9,45,8.14,scattered clouds
414,San Cristobal,VE,2022-05-28 17:09:39,7.7669,-72.225,82.58,47,92,8.46,overcast clouds
415,Fairhope,US,2022-05-28 17:09:39,30.523,-87.9033,85.14,52,0,5.75,clear sky
416,Mubarakpur,IN,2022-05-28 17:09:39,26.09,83.2922,95.22,29,44,6.64,scattered clouds
417,Arman,RU,2022-05-28 17:09:40,59.7,150.1667,36.95,96,64,1.63,broken clouds
418,Linxia,CN,2022-05-28 17:09:40,35.6003,103.2064,60.78,65,100,1.77,overcast clouds
419,Miles City,US,2022-05-28 17:09:41,46.4083,-105.8406,67.17,72,20,11.5,few clouds
420,Chimbote,PE,2022-05-28 17:09:41,-9.0853,-78.5783,69.51,68,52,9.91,broken clouds
421,Gat,IL,2022-05-28 17:09:01,31.61,34.7642,82.4,100,1,9.78,clear sky
422,Constitucion,CL,2022-05-28 17:09:42,-35.3333,-72.4167,53.33,45,97,7.02,overcast clouds
423,Caxito,AO,2022-05-28 17:09:42,-8.5785,13.6643,72.95,82,1,7.2,clear sky
424,Auki,SB,2022-05-28 17:09:42,-8.7676,160.7034,76.15,88,99,2.93,overcast clouds
425,Fort Nelson,CA,2022-05-28 17:09:43,58.8053,-122.7002,57.42,46,99,8.79,overcast clouds
426,Soyo,AO,2022-05-28 17:09:43,-6.1349,12.3689,74.8,77,5,8.86,clear sky
427,Dubbo,AU,2022-05-28 17:05:33,-32.25,148.6167,37.53,100,75,0.0,fog
428,Chernyshevskiy,RU,2022-05-28 17:09:44,63.0128,112.4714,37.44,58,38,3.44,scattered clouds
429,Payo,ID,2022-05-28 17:09:44,-3.7508,103.6372,73.54,91,94,1.66,overcast clouds
430,San Cosme Y Damian,PY,2022-05-28 17:09:45,-27.3167,-56.35,68.18,97,100,6.08,overcast clouds
431,Pultusk,PL,2022-05-28 17:09:45,52.7025,21.0828,54.09,76,85,14.74,overcast clouds
432,Gweru,ZW,2022-05-28 17:09:45,-19.45,29.8167,58.26,58,0,6.11,clear sky
433,Eydhafushi,MV,2022-05-28 17:09:46,5.1033,73.0708,83.66,75,36,17.67,scattered clouds
434,Nhulunbuy,AU,2022-05-28 17:09:46,-12.2333,136.7667,75.81,88,24,5.75,few clouds
435,Ishigaki,JP,2022-05-28 17:09:47,24.3448,124.1572,80.92,90,94,16.71,overcast clouds
436,La Ronge,CA,2022-05-28 17:09:47,55.1001,-105.2842,52.77,61,100,10.8,overcast clouds
437,Sistranda,NO,2022-05-28 17:09:47,63.7256,8.834,44.56,82,100,24.94,overcast clouds
438,Fairbanks,US,2022-05-28 17:09:48,64.8378,-147.7164,57.09,43,0,3.44,clear sky
439,Sigayevo,RU,2022-05-28 17:09:48,56.4216,53.7757,52.32,95,100,12.28,overcast clouds
440,Carhuamayo,PE,2022-05-28 17:09:49,-10.9167,-76.0333,45.84,52,93,6.26,overcast clouds
441,Riachao Das Neves,BR,2022-05-28 17:09:49,-11.7461,-44.91,91.85,21,10,4.54,clear sky
442,Neyshabur,IR,2022-05-28 17:09:50,36.2133,58.7958,66.58,29,0,8.08,clear sky
443,Atherton,GB,2022-05-28 17:09:50,53.5237,-2.4935,62.47,54,94,4.0,overcast clouds
444,Aksarka,RU,2022-05-28 17:09:50,66.5606,67.7975,54.54,42,13,18.92,few clouds
445,Egvekinot,RU,2022-05-28 17:09:51,66.3167,-179.1667,35.55,84,97,4.12,overcast clouds
446,Shubarkuduk,KZ,2022-05-28 17:09:51,49.1447,56.4872,64.13,59,21,7.92,few clouds
447,Beloha,MG,2022-05-28 17:07:20,-25.1667,45.05,62.37,74,4,7.56,clear sky
448,Itarema,BR,2022-05-28 17:09:52,-2.9248,-39.9167,82.15,78,27,12.44,scattered clouds
449,Washington,US,2022-05-28 17:06:01,47.5001,-120.5015,55.56,49,100,2.95,overcast clouds
450,Luanda,AO,2022-05-28 17:05:34,-8.8368,13.2343,73.08,80,4,12.08,clear sky
451,Fontem,CM,2022-05-28 17:09:52,5.4685,9.8818,69.48,91,96,1.03,light rain
452,Odweyne,SO,2022-05-28 17:09:53,9.4092,45.064,79.54,48,89,14.03,light rain
453,West Monroe,US,2022-05-28 17:09:09,32.5185,-92.1476,84.02,46,0,0.0,clear sky
454,De-Kastri,RU,2022-05-28 17:09:54,51.4667,140.7833,43.34,99,100,5.32,overcast clouds
455,North Vernon,US,2022-05-28 17:09:54,39.0062,-85.6236,72.81,61,15,4.79,few clouds
456,Rosarito,MX,2022-05-28 17:08:51,32.3333,-117.0333,66.25,71,84,7.43,broken clouds
457,Bayonet Point,US,2022-05-28 17:05:02,28.3267,-82.6834,91.18,58,0,3.0,clear sky
458,Bulaevo,KZ,2022-05-28 17:09:55,54.9056,70.4439,63.72,45,99,4.63,overcast clouds
459,Curillo,CO,2022-05-28 17:09:55,1.0333,-75.9191,74.05,91,94,0.92,overcast clouds
460,Kargil,IN,2022-05-28 17:09:56,34.5667,76.1,48.92,62,91,10.09,overcast clouds
461,Vanimo,PG,2022-05-28 17:09:56,-2.6741,141.3028,78.12,83,39,1.59,scattered clouds
462,Surt,LY,2022-05-28 17:09:56,31.2089,16.5887,74.82,64,3,14.07,clear sky
463,Deniliquin,AU,2022-05-28 17:09:57,-35.5333,144.9667,50.07,66,64,0.85,broken clouds
464,Kutum,SD,2022-05-28 17:09:57,14.2,24.6667,85.78,8,1,7.31,clear sky
465,Iracoubo,GF,2022-05-28 17:09:57,5.4802,-53.2011,83.5,66,35,8.01,scattered clouds
466,Chota,PE,2022-05-28 17:09:58,-6.55,-78.65,62.96,70,74,6.6,light rain
467,Bongandanga,CD,2022-05-28 17:09:58,1.5,21.05,70.16,99,100,7.27,very heavy rain
468,Orlik,RU,2022-05-28 17:09:59,52.5178,99.825,36.64,70,28,1.61,scattered clouds
469,Yamada,JP,2022-05-28 17:09:59,39.4667,141.95,55.36,80,20,5.84,few clouds
470,Teya,RU,2022-05-28 17:10:00,60.3778,92.6267,50.09,57,99,3.47,overcast clouds
471,Kalabo,ZM,2022-05-28 17:10:00,-14.97,22.6814,65.98,36,0,4.7,clear sky
472,Otjiwarongo,NA,2022-05-28 17:10:01,-20.4637,16.6477,62.87,26,0,8.19,clear sky
473,Leningradskiy,RU,2022-05-28 17:10:02,69.3833,178.4167,29.17,88,100,2.51,overcast clouds
474,Ous,RU,2022-05-28 17:10:03,60.9058,61.5186,48.04,96,38,2.33,scattered clouds
475,Harboore,DK,2022-05-28 17:10:04,56.6175,8.1807,60.1,83,92,18.45,overcast clouds
476,Langham,CA,2022-05-28 17:10:05,52.3668,-106.9679,68.02,57,100,12.84,overcast clouds
477,Santiago De Chuco,PE,2022-05-28 17:10:06,-8.15,-78.1833,61.14,52,49,2.89,light rain
478,Pangody,RU,2022-05-28 17:10:06,65.85,74.4859,56.55,37,3,18.81,clear sky
479,Havelock,US,2022-05-28 17:10:07,34.8791,-76.9013,82.98,70,75,8.05,broken clouds
480,Kavieng,PG,2022-05-28 17:10:07,-2.5744,150.7967,80.71,76,100,5.44,overcast clouds
481,Kyra,RU,2022-05-28 17:10:08,49.5776,111.9753,40.39,40,95,8.05,overcast clouds
482,Ixtapa,MX,2022-05-28 17:10:08,20.7,-105.2,81.63,74,20,6.91,few clouds
483,Vila Do Maio,CV,2022-05-28 17:10:09,15.1333,-23.2167,83.19,84,50,13.27,scattered clouds
484,Mokrous,RU,2022-05-28 17:10:09,51.2333,47.5167,62.87,81,53,10.42,light rain
485,Copiapo,CL,2022-05-28 17:10:10,-27.3667,-70.3333,55.09,40,0,6.69,clear sky
486,Patnos,TR,2022-05-28 17:09:13,39.2336,42.8634,59.22,53,3,2.82,clear sky
487,Keti Bandar,PK,2022-05-28 17:10:11,24.1447,67.4497,81.77,88,2,23.53,clear sky
488,Orsha,BY,2022-05-28 17:10:11,54.5153,30.4053,48.24,83,71,8.59,broken clouds
489,Pocone,BR,2022-05-28 17:10:11,-16.2567,-56.6228,93.99,30,1,11.14,clear sky
490,Ariquemes,BR,2022-05-28 17:10:12,-9.9133,-63.0408,92.28,40,17,2.68,few clouds
491,Douentza,ML,2022-05-28 17:10:12,14.9951,-2.9517,104.81,14,0,7.92,clear sky
492,Isla Mujeres,MX,2022-05-28 17:10:12,21.2311,-86.731,86.16,64,100,7.65,overcast clouds
493,Kuloy,RU,2022-05-28 17:10:13,61.0305,42.4925,50.45,94,97,1.83,overcast clouds
494,Kirovskiy,RU,2022-05-28 17:10:13,45.0917,133.5136,55.85,72,77,5.64,broken clouds
495,Constanza,DE,2022-05-28 17:10:14,47.6603,9.1758,64.54,46,97,3.0,overcast clouds
496,Tommot,RU,2022-05-28 17:10:14,58.9564,126.2925,48.52,93,100,1.41,overcast clouds
497,Nago,JP,2022-05-28 17:06:15,26.5881,127.9761,77.85,95,100,8.05,overcast clouds
498,Wajir,KE,2022-05-28 17:10:14,1.7471,40.0573,84.99,48,94,12.35,overcast clouds
499,Puerto Escondido,MX,2022-05-28 17:08:10,15.85,-97.0667,81.43,74,100,16.11,overcast clouds
500,Niceville,US,2022-05-28 17:10:15,30.5169,-86.4822,86.58,47,75,5.75,broken clouds
501,Chatrapur,IN,2022-05-28 17:10:15,19.35,84.9833,85.26,74,41,5.61,scattered clouds
502,Vrangel,RU,2022-05-28 17:10:16,42.7297,133.0839,51.01,90,71,13.02,broken clouds
503,Saint-Francois,FR,2022-05-28 17:10:16,46.4154,3.9054,70.68,30,0,12.66,clear sky
504,Black River,JM,2022-05-28 17:10:16,18.0264,-77.8487,89.17,53,51,18.68,broken clouds
505,Merrill,US,2022-05-28 17:10:17,45.1805,-89.6835,61.75,88,100,0.0,light rain
506,Pervomayskiy,RU,2022-05-28 17:10:17,53.2485,40.2871,52.57,73,6,11.36,clear sky
507,Rajula,IN,2022-05-28 17:10:18,21.05,71.4333,82.65,72,2,14.61,clear sky
508,Onda,ES,2022-05-28 17:10:18,39.9667,-0.25,85.05,47,23,5.53,few clouds
509,Krasnoselkup,RU,2022-05-28 17:10:18,65.7,82.4667,50.52,58,0,14.79,clear sky
510,Srednekolymsk,RU,2022-05-28 17:10:19,67.45,153.6833,45.0,51,82,3.02,broken clouds
511,Manicore,BR,2022-05-28 17:10:19,-5.8092,-61.3003,86.02,68,91,3.65,overcast clouds
512,Virginia Beach,US,2022-05-28 17:09:19,36.8529,-75.978,81.05,60,12,5.01,few clouds
513,Osorno,CL,2022-05-28 17:10:20,-40.5667,-73.15,48.25,71,75,3.44,broken clouds
514,Trairi,BR,2022-05-28 17:05:28,-3.2778,-39.2689,80.67,86,55,9.4,broken clouds
515,Bintulu,MY,2022-05-28 17:10:20,3.1667,113.0333,79.95,78,100,0.94,overcast clouds
516,Mumford,GH,2022-05-28 17:10:21,5.2618,-0.759,82.33,75,34,8.55,scattered clouds
517,Moses Lake,US,2022-05-28 17:10:21,47.1301,-119.2781,57.88,47,0,3.44,clear sky
518,Seka,TH,2022-05-28 17:10:22,17.9285,103.9552,76.19,91,81,3.87,broken clouds
519,Buraydah,SA,2022-05-28 17:10:22,26.326,43.975,95.16,9,17,16.89,few clouds
520,Saint Anthony,US,2022-05-28 17:10:22,45.0205,-93.218,79.79,51,75,20.71,broken clouds
521,Naples,IT,2022-05-28 17:09:39,40.8333,14.25,77.61,77,20,6.91,few clouds
522,Inirida,CO,2022-05-28 17:10:23,3.8653,-67.9239,86.65,63,81,1.1,broken clouds
523,Kamenka,RU,2022-05-28 17:10:23,51.3223,42.7678,53.11,85,98,8.25,overcast clouds
524,Sorland,NO,2022-05-28 17:10:24,67.667,12.6934,46.26,88,100,6.35,overcast clouds
525,Mangan,IN,2022-05-28 17:10:24,27.5167,88.5333,72.55,90,94,1.34,overcast clouds
526,Iberia,US,2022-05-28 17:10:25,29.9502,-91.7507,84.06,47,0,4.61,clear sky
527,Sorong,ID,2022-05-28 17:10:25,-0.8833,131.25,79.43,79,76,1.19,broken clouds
528,Alekseyevsk,RU,2022-05-28 17:10:26,57.8406,108.3492,39.56,63,100,3.85,overcast clouds
529,Savannah Bight,HN,2022-05-28 17:10:26,16.45,-85.85,81.34,80,100,15.84,overcast clouds
530,Quatre Cocos,MU,2022-05-28 17:10:26,-20.2078,57.7625,75.31,74,5,20.09,clear sky
531,Mandalgovi,MN,2022-05-28 17:08:07,45.7625,106.2708,38.59,57,8,13.13,clear sky
532,Dudinka,RU,2022-05-28 17:10:27,69.4058,86.1778,33.62,78,5,14.25,clear sky
533,Queimadas,BR,2022-05-28 17:10:27,-10.9783,-39.6264,86.13,36,7,10.36,clear sky
534,Saint-Leu,RE,2022-05-28 17:10:28,-21.15,55.2833,72.46,69,31,16.69,scattered clouds
535,Syracuse,IT,2022-05-28 17:09:12,37.0881,15.2792,76.37,56,2,17.13,clear sky
536,Havre-Saint-Pierre,CA,2022-05-28 17:10:28,50.2334,-63.5986,44.96,93,100,27.63,mist
537,Marystown,CA,2022-05-28 17:10:28,47.1666,-55.1483,42.85,100,100,11.99,overcast clouds
538,Gweta,BW,2022-05-28 17:10:30,-20.1833,25.2333,71.29,29,0,8.08,clear sky
539,Xinqing,CN,2022-05-28 17:10:31,48.2333,129.5,48.65,85,99,2.24,overcast clouds
540,Berlin,DE,2022-05-28 17:10:31,52.5244,13.4105,58.95,66,0,23.0,clear sky
541,Rangapara,IN,2022-05-28 17:10:32,26.8167,92.65,77.04,79,14,3.2,few clouds
542,Guarapari,BR,2022-05-28 17:10:32,-20.6667,-40.4975,78.89,61,100,12.68,overcast clouds
543,Kangaatsiaq,GL,2022-05-28 17:10:34,68.3065,-53.4641,30.38,71,84,14.25,broken clouds
544,Rawson,AR,2022-05-28 17:10:36,-43.3002,-65.1023,46.38,46,54,24.4,broken clouds
545,Lorengau,PG,2022-05-28 17:10:36,-2.0226,147.2712,78.87,76,99,2.77,overcast clouds
546,Roura,GF,2022-05-28 17:10:37,4.7263,-52.3274,85.91,66,40,11.5,scattered clouds
547,Balikpapan,ID,2022-05-28 17:10:37,-1.2675,116.8289,79.79,89,20,2.3,few clouds
548,Antalaha,MG,2022-05-28 17:10:37,-14.9003,50.2788,71.74,84,3,7.99,clear sky
549,Guilin,CN,2022-05-28 17:10:38,25.2819,110.2864,74.37,99,100,1.16,overcast clouds
550,Nizhniy Dzhengutay,RU,2022-05-28 17:10:38,42.7001,47.2449,51.78,79,0,3.0,clear sky
551,Katsina,NG,2022-05-28 17:10:39,12.9894,7.6006,102.18,13,22,4.16,few clouds
552,Kwekwe,ZW,2022-05-28 17:10:40,-18.9281,29.8149,64.72,55,0,4.27,clear sky
553,Douai,FR,2022-05-28 17:10:41,50.3333,3.1667,61.74,55,90,14.32,overcast clouds
554,Ulladulla,AU,2022-05-28 17:10:42,-35.35,150.4667,55.42,86,94,8.66,overcast clouds
555,Santa Rosalia,MX,2022-05-28 17:07:36,27.3167,-112.2833,88.68,20,1,3.29,clear sky
556,Bosaso,SO,2022-05-28 17:10:42,11.2842,49.1816,85.24,65,53,2.21,broken clouds
557,Amuntai,ID,2022-05-28 17:10:43,-2.4177,115.2494,74.91,95,95,0.74,overcast clouds
558,Hovd,MN,2022-05-28 17:10:43,48.0056,91.6419,60.78,37,22,3.2,few clouds
559,Fernley,US,2022-05-28 17:10:43,39.608,-119.2518,67.69,37,13,4.0,few clouds
560,Pampa,US,2022-05-28 17:05:50,35.5362,-100.9599,93.24,27,0,13.8,clear sky
561,Scarborough,GB,2022-05-28 17:10:44,54.2797,-0.4044,56.79,64,40,4.0,scattered clouds
562,Suleja,NG,2022-05-28 17:10:44,9.1758,7.1808,85.87,47,65,1.52,broken clouds
563,Rondonopolis,BR,2022-05-28 17:10:45,-16.4708,-54.6356,94.15,26,2,5.3,clear sky
564,Vaike-Maarja,EE,2022-05-28 17:10:45,59.1264,26.25,46.47,97,100,5.68,overcast clouds
565,Las Rosas,AR,2022-05-28 17:10:45,-32.4766,-61.5804,60.64,60,99,4.25,overcast clouds
566,Saint-Joseph,RE,2022-05-28 17:10:46,-21.3667,55.6167,71.98,69,70,12.08,broken clouds
